"s5","s1","s1","s1","s5","s1","s1","s1","s1","s1","s1","s1","s1","s1","s1","s1","s1","s1","s1","s7","s1","s1","s1","s1","s1","s1","s1","s1","s1","s1"
"s5","s7","s7","s5","s5","s7","s5","s5","s5","s5","s5","s5","s5","s5","s7","s7","s5","s5","s5","s5","s7","s5","s5","s5","s5","s5","s5","s5","s5","s5"
"s5","s5","s7","s5","s5","s5","s5","s5","s5","s5","s5","s5","s5","s5","s7","s5","s5","s5","s5","s5","s5","s7","s5","s5","s5","s5","s5","s5","s5","s5"
"s5","s7","s5","s5","s5","s5","s5","s5","s5","s5","s7","s3","s5","s7","s5","s7","s5","s5","s5","s7","s5","s5","s5","s5","s7","s5","s5","s7","s5","s5"
"s5","s5","s5","s5","s5","s5","s5","s5","s5","s5","s5","s5","s5","s5","s5","s5","s5","s5","s5","s5","s5","s5","s5","s5","s5","s5","s5","s5","s5","s5"
"s5","s7","s5","s5","s5","s5","s5","s5","s5","s5","s5","s7","s5","s5","s5","s5","s5","s5","s5","s5","s5","s5","s5","s5","s5","s5","s5","s5","s5","s5"
"s5","s5","s5","s5","s5","s7","s5","s5","s7","s5","s5","s5","s5","s5","s5","s5","s5","s5","s5","s5","s5","s5","s5","s5","s5","s5","s5","s5","s5","s5"
"s5","s7","s5","s5","s5","s7","s5","s5","s5","s5","s5","s5","s5","s5","s5","s7","s5","s5","s5","s7","s7","s5","s5","s5","s5","s7","s5","s5","s5","s5"
"s5","s5","s5","s5","s5","s7","s5","s5","s5","s5","s5","s5","s5","s5","s5","s5","s5","s5","s5","s5","s5","s5","s5","s5","s5","s5","s5","s5","s5","s5"
"s5","s7","s7","s5","s5","s7","s5","s5","s5","s5","s5","s5","s5","s5","s5","s5","s5","s5","s5","s7","s5","s5","s5","s5","s5","s5","s5","s5","s5","s5"
"s7","s5","s5","s5","s5","s7","s5","s5","s5","s5","s5","s7","s5","s5","s5","s7","s5","s5","s5","s5","s5","s7","s5","s5","s5","s5","s5","s5","s7","s5"
"s5","s5","s5","s5","s5","s5","s5","s5","s5","s5","s5","s5","s5","s5","s5","s5","s5","s5","s5","s5","s5","s5","s5","s5","s5","s5","s5","s5","s5","s5"
"s5","s5","s7","s5","s7","s5","s5","s7","s5","s5","s7","s5","s5","s5","s5","s7","s5","s7","s7","s5","s5","s5","s7","s5","s5","s7","s5","s5","s5","s5"
"s5","s7","s5","s5","s7","s7","s7","s5","s5","s5","s7","s7","s5","s5","s5","s5","s5","s7","s7","s5","s7","s7","s5","s7","s5","s5","s7","s5","s5","s5"
"s7","s7","s7","s7","s7","s7","s7","s7","s7","s7","s7","s7","s7","s7","s7","s7","s7","s7","s7","s7","s7","s7","s7","s7","s7","s7","s7","s7","s7","s7"
"s5","s5","s5","s5","s7","s7","s5","s5","s5","s7","s7","s7","s5","s7","s5","s7","s5","s5","s7","s5","s7","s7","s5","s7","s5","s7","s7","s7","s5","s5"
"s5","s5","s5","s7","s7","s7","s5","s5","s7","s7","s7","s7","s7","s7","s5","s7","s7","s5","s7","s5","s5","s7","s5","s5","s5","s7","s5","s7","s5","s7"
"s7","s5","s7","s7","s7","s7","s5","s7","s7","s5","s7","s7","s7","s5","s7","s7","s5","s7","s5","s7","s7","s5","s7","s7","s7","s7","s7","s7","s7","s7"
"s7","s7","s7","s7","s7","s7","s7","s7","s7","s7","s7","s7","s7","s7","s7","s7","s7","s7","s7","s7","s7","s7","s7","s7","s7","s7","s7","s7","s7","s7"
"s7","s7","s7","s7","s7","s7","s7","s7","s7","s7","s7","s7","s7","s7","s7","s7","s7","s7","s7","s7","s7","s7","s7","s7","s7","s7","s7","s7","s7","s7"
"s7","s7","s7","s7","s7","s7","s7","s7","s7","s7","s7","s7","s7","s7","s7","s7","s7","s7","s7","s7","s7","s7","s7","s7","s7","s7","s7","s7","s7","s7"
"s7","s7","s7","s7","s7","s7","s7","s7","s7","s7","s7","s7","s7","s7","s7","s7","s7","s7","s7","s7","s7","s7","s7","s7","s7","s7","s7","s7","s7","s7"
"s7","s7","s7","s7","s7","s7","s7","s7","s7","s7","s7","s7","s7","s7","s7","s7","s7","s7","s7","s7","s7","s7","s7","s7","s7","s7","s7","s7","s7","s7"
"s7","s7","s7","s7","s7","s7","s7","s7","s7","s7","s7","s7","s7","s7","s7","s7","s7","s7","s7","s7","s7","s7","s7","s7","s7","s7","s7","s7","s7","s7"
"s7","s7","s7","s7","s7","s7","s7","s5","s7","s7","s7","s7","s7","s7","s7","s7","s7","s7","s7","s7","s7","s7","s7","s7","s7","s7","s7","s7","s7","s7"
"s7","s7","s7","s7","s7","s7","s7","s7","s7","s7","s7","s7","s7","s7","s7","s7","s7","s7","s7","s7","s7","s7","s7","s7","s7","s7","s7","s7","s7","s7"
"s7","s7","s7","s7","s7","s7","s7","s7","s7","s7","s7","s5","s7","s7","s7","s7","s7","s7","s7","s7","s7","s7","s7","s7","s7","s7","s7","s7","s7","s7"
"s7","s7","s7","s7","s7","s7","s7","s7","s7","s7","s7","s7","s7","s7","s7","s7","s7","s7","s7","s7","s7","s7","s7","s7","s7","s7","s7","s7","s7","s7"
"s7","s7","s7","s7","s7","s7","s7","s7","s7","s7","s7","s7","s7","s7","s7","s7","s7","s7","s7","s7","s7","s7","s7","s7","s7","s7","s7","s7","s7","s7"
"s7","s7","s7","s7","s7","s7","s7","s7","s7","s7","s7","s7","s7","s7","s7","s7","s7","s7","s7","s7","s7","s7","s7","s7","s7","s7","s7","s7","s7","s7"
"s7","s7","s7","s7","s7","s7","s7","s7","s7","s7","s7","s7","s7","s7","s7","s7","s7","s7","s5","s7","s7","s7","s7","s7","s7","s7","s7","s7","s7","s7"
"s7","s7","s7","s7","s7","s7","s7","s7","s7","s7","s7","s7","s7","s7","s7","s7","s7","s7","s7","s7","s7","s7","s7","s7","s7","s7","s7","s7","s7","s7"
"s7","s7","s7","s7","s7","s7","s7","s5","s5","s5","s7","s7","s5","s7","s7","s7","s5","s7","s7","s7","s7","s7","s7","s5","s7","s7","s7","s7","s7","s5"
"s7","s7","s7","s7","s7","s7","s7","s7","s7","s7","s7","s7","s7","s7","s7","s7","s7","s7","s7","s7","s7","s7","s7","s7","s7","s7","s7","s7","s7","s7"
"s7","s7","s7","s7","s7","s7","s7","s7","s7","s7","s7","s7","s7","s7","s7","s7","s7","s7","s7","s7","s7","s7","s7","s7","s7","s7","s7","s7","s7","s7"
"s7","s7","s7","s7","s7","s7","s7","s7","s7","s7","s7","s7","s7","s7","s7","s7","s7","s7","s7","s7","s7","s7","s7","s7","s7","s7","s7","s7","s7","s7"
"s7","s7","s7","s7","s7","s7","s7","s7","s7","s7","s7","s7","s7","s7","s7","s7","s7","s7","s7","s7","s7","s7","s7","s7","s7","s7","s7","s7","s7","s7"
"s7","s7","s7","s7","s7","s7","s7","s7","s7","s7","s7","s7","s7","s7","s7","s7","s7","s7","s7","s7","s7","s7","s7","s7","s7","s7","s7","s7","s7","s7"
"s7","s7","s7","s7","s7","s7","s7","s7","s7","s7","s7","s7","s7","s7","s7","s7","s7","s7","s7","s7","s7","s7","s7","s7","s7","s7","s7","s7","s7","s7"
"s7","s7","s7","s7","s7","s7","s7","s7","s7","s7","s7","s7","s7","s7","s7","s7","s7","s7","s7","s7","s7","s7","s7","s7","s7","s7","s7","s7","s7","s7"
"s7","s7","s7","s7","s7","s7","s7","s7","s7","s7","s7","s7","s7","s7","s7","s7","s7","s7","s7","s7","s7","s7","s7","s7","s7","s7","s7","s7","s7","s7"
"s7","s7","s7","s7","s7","s7","s7","s7","s7","s7","s5","s7","s7","s7","s7","s7","s7","s7","s7","s7","s7","s7","s7","s7","s7","s7","s7","s7","s7","s7"
"s7","s7","s7","s7","s7","s7","s7","s7","s7","s7","s7","s7","s7","s7","s7","s7","s7","s7","s7","s7","s7","s7","s7","s7","s7","s7","s7","s7","s7","s7"
"s7","s7","s7","s7","s7","s7","s7","s7","s7","s7","s7","s7","s7","s7","s7","s7","s7","s7","s7","s7","s7","s7","s7","s7","s7","s7","s7","s7","s7","s7"
"s7","s7","s7","s7","s7","s7","s7","s7","s7","s7","s7","s7","s7","s7","s7","s7","s7","s7","s7","s7","s7","s7","s7","s7","s7","s7","s7","s7","s7","s7"
"s7","s7","s7","s7","s7","s7","s7","s7","s7","s7","s7","s7","s7","s7","s7","s7","s7","s7","s7","s7","s7","s7","s7","s7","s7","s7","s7","s7","s7","s7"
"s7","s7","s7","s7","s7","s7","s7","s7","s7","s7","s7","s5","s7","s7","s5","s7","s5","s7","s7","s7","s7","s7","s7","s7","s7","s7","s7","s7","s5","s5"
"s7","s7","s7","s7","s7","s7","s7","s7","s7","s7","s7","s7","s7","s7","s7","s7","s7","s7","s7","s7","s7","s7","s7","s7","s7","s7","s7","s7","s7","s7"
"s7","s7","s7","s7","s7","s7","s7","s7","s7","s7","s7","s7","s7","s7","s7","s7","s7","s7","s7","s7","s7","s7","s7","s7","s7","s7","s7","s7","s7","s7"
"s7","s7","s7","s7","s7","s7","s7","s7","s7","s7","s7","s7","s7","s7","s7","s7","s7","s7","s7","s7","s7","s7","s7","s7","s7","s7","s7","s7","s7","s7"
"s7","s7","s7","s7","s7","s7","s7","s7","s7","s7","s7","s7","s7","s7","s7","s7","s7","s7","s7","s7","s7","s7","s7","s7","s7","s7","s7","s7","s7","s7"
"s7","s7","s7","s7","s7","s7","s7","s7","s7","s7","s7","s7","s7","s7","s7","s7","s7","s7","s7","s7","s7","s7","s7","s7","s7","s7","s7","s7","s7","s7"
"s7","s7","s7","s7","s7","s7","s7","s5","s7","s7","s7","s7","s7","s7","s7","s7","s7","s7","s7","s7","s7","s7","s7","s7","s7","s7","s7","s7","s7","s7"
"s7","s7","s7","s7","s7","s7","s7","s7","s7","s7","s7","s7","s7","s7","s7","s7","s7","s7","s7","s7","s7","s7","s7","s7","s7","s7","s7","s7","s7","s7"
"s7","s7","s5","s7","s7","s7","s7","s5","s7","s7","s7","s5","s5","s7","s7","s7","s7","s5","s7","s7","s7","s7","s5","s7","s7","s7","s7","s7","s7","s5"
"s7","s7","s7","s7","s7","s7","s7","s7","s7","s7","s7","s7","s7","s7","s7","s7","s7","s7","s7","s7","s7","s7","s7","s7","s7","s7","s7","s7","s7","s7"
"s7","s7","s7","s7","s7","s7","s7","s7","s7","s7","s7","s7","s7","s7","s7","s7","s7","s7","s7","s7","s7","s7","s7","s7","s7","s7","s7","s7","s7","s7"
"s7","s7","s7","s7","s7","s7","s7","s7","s7","s7","s7","s7","s7","s7","s7","s7","s7","s7","s7","s7","s7","s7","s7","s7","s7","s7","s7","s7","s7","s7"
"s5","s7","s7","s7","s7","s5","s5","s5","s5","s5","s7","s5","s5","s5","s5","s7","s5","s5","s5","s7","s7","s5","s5","s5","s5","s7","s5","s7","s5","s5"
"s5","s5","s5","s5","s5","s5","s5","s5","s5","s5","s5","s5","s5","s5","s5","s5","s5","s5","s5","s5","s5","s5","s5","s5","s5","s5","s5","s5","s5","s5"
"s5","s7","s5","s5","s5","s7","s5","s5","s5","s5","s5","s5","s5","s5","s5","s5","s5","s5","s5","s7","s5","s5","s5","s5","s5","s5","s5","s5","s5","s5"
"s5","s5","s5","s5","s5","s7","s5","s5","s5","s5","s5","s5","s5","s5","s5","s7","s5","s5","s5","s7","s5","s5","s5","s5","s5","s5","s5","s5","s5","s5"
"s5","s7","s5","s7","s7","s5","s7","s7","s5","s7","s5","s7","s7","s5","s5","s7","s5","s7","s5","s7","s5","s5","s7","s5","s5","s7","s5","s5","s5","s5"
"s7","s7","s5","s7","s7","s7","s7","s7","s7","s5","s5","s7","s7","s5","s7","s7","s7","s5","s7","s7","s5","s7","s7","s7","s5","s7","s7","s7","s7","s7"
"s5","s5","s7","s5","s7","s7","s7","s5","s7","s7","s5","s5","s7","s5","s7","s7","s7","s7","s7","s7","s7","s7","s7","s7","s7","s7","s7","s7","s5","s7"
"s5","s5","s7","s5","s7","s7","s5","s5","s5","s7","s5","s7","s5","s5","s7","s5","s7","s5","s5","s7","s5","s7","s5","s5","s5","s5","s5","s5","s5","s5"
"s7","s7","s7","s7","s7","s7","s7","s7","s5","s7","s7","s5","s7","s5","s5","s7","s5","s7","s7","s5","s7","s7","s7","s5","s5","s7","s7","s7","s7","s7"
"s7","s5","s7","s5","s7","s7","s7","s7","s7","s7","s5","s7","s7","s7","s7","s7","s7","s7","s7","s7","s7","s7","s7","s7","s7","s7","s7","s7","s7","s7"
"s5","s5","s5","s5","s5","s7","s5","s5","s5","s5","s5","s5","s5","s5","s5","s5","s5","s5","s5","s5","s5","s5","s5","s5","s5","s5","s5","s5","s5","s5"
"s5","s5","s5","s5","s7","s5","s5","s5","s5","s5","s5","s5","s5","s7","s5","s5","s5","s5","s7","s7","s5","s5","s7","s5","s5","s7","s7","s5","s5","s5"
"s7","s5","s5","s5","s7","s5","s5","s5","s5","s5","s5","s5","s5","s5","s7","s5","s5","s5","s5","s5","s5","s5","s5","s5","s5","s5","s5","s5","s5","s5"
"s5","s5","s5","s5","s5","s5","s5","s5","s5","s5","s5","s5","s5","s5","s7","s5","s5","s5","s5","s5","s5","s5","s5","s5","s5","s5","s5","s5","s5","s5"
"s5","s7","s7","s5","s7","s5","s7","s5","s5","s5","s5","s7","s5","s5","s7","s7","s5","s5","s5","s7","s5","s5","s5","s5","s5","s5","s5","s7","s5","s5"
"s5","s5","s5","s5","s5","s5","s7","s5","s5","s5","s7","s7","s5","s5","s5","s7","s5","s7","s5","s5","s5","s5","s5","s5","s5","s5","s5","s5","s5","s5"
"s5","s5","s5","s5","s5","s5","s5","s5","s5","s5","s5","s7","s5","s5","s7","s5","s5","s5","s5","s5","s5","s5","s5","s5","s5","s5","s5","s5","s5","s5"
"s7","s7","s7","s7","s7","s7","s7","s7","s7","s7","s7","s7","s7","s7","s7","s7","s7","s7","s7","s7","s7","s7","s7","s7","s7","s7","s7","s7","s7","s7"
"s7","s7","s7","s7","s7","s7","s7","s7","s7","s7","s7","s7","s7","s7","s7","s7","s7","s7","s7","s7","s7","s7","s7","s7","s7","s7","s7","s7","s7","s7"
"s7","s7","s7","s7","s7","s7","s7","s7","s7","s7","s7","s7","s7","s7","s7","s7","s7","s7","s7","s7","s7","s7","s7","s7","s7","s7","s7","s7","s7","s7"
"s7","s7","s7","s7","s7","s7","s7","s7","s7","s7","s7","s7","s7","s7","s7","s7","s7","s7","s7","s7","s7","s7","s7","s7","s7","s7","s7","s7","s7","s7"
"s7","s7","s7","s7","s7","s7","s7","s7","s7","s7","s7","s7","s7","s7","s7","s7","s7","s7","s7","s7","s7","s7","s7","s7","s7","s7","s7","s7","s7","s7"
"s7","s7","s7","s7","s7","s7","s7","s7","s7","s7","s7","s7","s7","s7","s7","s7","s7","s7","s7","s7","s7","s7","s7","s7","s7","s7","s7","s7","s7","s7"
"s7","s7","s7","s7","s7","s7","s7","s7","s7","s7","s7","s7","s7","s7","s7","s7","s7","s7","s7","s7","s7","s7","s7","s7","s7","s7","s7","s7","s7","s7"
"s7","s7","s7","s7","s7","s7","s7","s7","s7","s7","s7","s7","s7","s7","s7","s7","s7","s7","s7","s7","s7","s7","s7","s7","s7","s7","s7","s7","s7","s7"
"s7","s7","s7","s7","s7","s7","s7","s7","s7","s7","s7","s7","s7","s7","s7","s7","s7","s7","s7","s7","s7","s7","s7","s7","s7","s7","s7","s7","s7","s7"
"s5","s5","s7","s7","s7","s7","s7","s5","s7","s7","s7","s5","s7","s5","s7","s7","s7","s7","s7","s7","s7","s7","s7","s7","s7","s7","s7","s7","s7","s7"
"s7","s7","s7","s7","s7","s7","s7","s7","s7","s7","s7","s7","s7","s7","s7","s7","s7","s7","s7","s7","s7","s7","s7","s7","s7","s7","s7","s7","s7","s7"
"s7","s7","s7","s7","s7","s7","s7","s7","s7","s7","s7","s7","s7","s7","s7","s7","s7","s7","s7","s7","s7","s7","s7","s7","s7","s7","s7","s7","s7","s7"
"s7","s7","s7","s7","s7","s7","s7","s7","s7","s7","s7","s7","s7","s7","s7","s7","s7","s7","s7","s7","s7","s7","s7","s7","s7","s7","s7","s7","s7","s7"
"s7","s7","s7","s7","s7","s7","s7","s7","s7","s7","s7","s7","s7","s7","s7","s7","s7","s7","s7","s7","s7","s7","s7","s7","s7","s7","s7","s7","s7","s7"
"s7","s7","s7","s7","s7","s7","s7","s7","s7","s7","s7","s7","s7","s7","s7","s7","s7","s7","s5","s7","s7","s7","s7","s7","s5","s7","s7","s7","s7","s7"
"s7","s7","s7","s7","s7","s7","s7","s7","s7","s7","s7","s7","s7","s7","s7","s7","s7","s7","s7","s7","s7","s7","s7","s7","s7","s7","s7","s7","s7","s7"
"s5","s7","s5","s7","s7","s7","s7","s5","s5","s7","s7","s7","s5","s5","s5","s7","s7","s7","s7","s7","s7","s7","s5","s7","s7","s7","s7","s7","s7","s7"
"s7","s7","s7","s7","s7","s7","s7","s7","s7","s7","s7","s7","s7","s7","s7","s7","s7","s7","s7","s7","s7","s7","s7","s7","s7","s7","s7","s7","s7","s7"
"s7","s5","s7","s7","s7","s7","s7","s7","s7","s5","s7","s5","s7","s7","s7","s7","s7","s7","s7","s7","s7","s7","s7","s7","s7","s7","s5","s7","s7","s5"
"s7","s7","s7","s7","s7","s7","s7","s7","s7","s7","s7","s7","s7","s7","s7","s7","s7","s7","s7","s7","s7","s7","s7","s7","s7","s7","s7","s7","s7","s7"
"s7","s7","s7","s7","s7","s7","s7","s7","s7","s7","s7","s7","s7","s7","s7","s7","s7","s7","s7","s7","s7","s7","s7","s7","s7","s7","s7","s7","s7","s7"
"s7","s7","s7","s7","s7","s7","s7","s7","s7","s7","s7","s7","s7","s7","s7","s7","s7","s7","s7","s7","s7","s7","s7","s7","s7","s7","s7","s7","s7","s7"
"s7","s7","s7","s7","s7","s7","s7","s7","s7","s7","s7","s7","s7","s7","s7","s7","s7","s7","s7","s7","s7","s7","s7","s7","s7","s7","s7","s7","s7","s7"
"s7","s7","s7","s7","s7","s7","s7","s7","s7","s7","s7","s7","s7","s7","s7","s7","s7","s7","s7","s7","s7","s7","s7","s7","s7","s7","s7","s7","s7","s7"
"s5","s5","s5","s7","s7","s7","s5","s5","s5","s5","s7","s7","s5","s5","s5","s5","s5","s5","s5","s5","s7","s7","s5","s5","s7","s7","s5","s7","s7","s5"
"s1","s1","s1","s1","s5","s1","s1","s1","s1","s1","s1","s1","s1","s1","s1","s1","s1","s1","s1","s1","s1","s1","s1","s1","s1","s1","s1","s1","s1","s1"
"s5","s5","s7","s5","s5","s5","s5","s5","s5","s5","s5","s7","s5","s5","s5","s5","s7","s5","s5","s5","s5","s5","s5","s5","s5","s5","s5","s5","s5","s5"
"s5","s5","s7","s5","s7","s7","s5","s5","s5","s7","s5","s5","s7","s5","s5","s5","s5","s7","s5","s7","s5","s5","s5","s5","s5","s5","s5","s5","s5","s5"
"s5","s5","s5","s5","s5","s5","s5","s5","s5","s5","s5","s5","s5","s5","s5","s5","s5","s5","s5","s5","s5","s5","s5","s5","s5","s5","s5","s5","s5","s5"
"s5","s7","s5","s5","s5","s5","s5","s5","s5","s5","s7","s5","s5","s7","s5","s7","s5","s5","s5","s5","s5","s5","s5","s5","s7","s3","s5","s5","s5","s5"
"s5","s5","s5","s5","s5","s5","s5","s5","s5","s5","s5","s5","s5","s5","s5","s5","s5","s5","s5","s5","s5","s5","s5","s5","s5","s5","s5","s5","s5","s5"
"s5","s5","s7","s5","s5","s5","s5","s5","s5","s5","s5","s5","s5","s5","s5","s5","s5","s5","s5","s5","s5","s5","s5","s5","s5","s5","s5","s5","s5","s5"
"s5","s7","s5","s5","s5","s5","s5","s5","s5","s7","s5","s5","s5","s7","s5","s5","s5","s7","s7","s5","s5","s5","s5","s5","s5","s7","s7","s5","s7","s5"
"s5","s5","s5","s5","s7","s7","s5","s5","s5","s7","s7","s7","s5","s7","s7","s7","s5","s5","s7","s5","s5","s7","s5","s5","s5","s7","s7","s5","s5","s5"
"s7","s5","s5","s5","s7","s7","s5","s5","s5","s7","s5","s7","s7","s5","s7","s7","s5","s5","s7","s5","s5","s5","s7","s7","s5","s7","s5","s5","s5","s5"
"s7","s5","s7","s7","s7","s7","s5","s7","s7","s7","s5","s5","s5","s7","s7","s7","s7","s7","s5","s7","s7","s7","s7","s7","s5","s7","s7","s7","s5","s5"
"s5","s5","s5","s5","s5","s7","s7","s5","s5","s5","s5","s5","s5","s5","s5","s7","s5","s5","s7","s7","s7","s7","s5","s5","s5","s5","s5","s5","s5","s7"
"s7","s7","s7","s7","s9","s7","s7","s7","s7","s9","s7","s7","s9","s7","s7","s7","s7","s7","s7","s7","s7","s9","s7","s7","s7","s7","s9","s7","s7","s7"
"s7","s7","s7","s7","s7","s7","s7","s7","s7","s7","s7","s7","s7","s7","s7","s7","s7","s7","s7","s7","s7","s7","s7","s7","s7","s7","s7","s7","s5","s7"
"s5","s5","s7","s5","s5","s5","s5","s5","s5","s5","s5","s5","s5","s5","s5","s5","s5","s5","s5","s5","s5","s5","s5","s5","s5","s5","s5","s5","s5","s5"
"s5","s7","s7","s5","s5","s7","s5","s5","s5","s5","s5","s7","s5","s5","s7","s7","s5","s5","s7","s7","s7","s5","s7","s5","s7","s5","s7","s7","s5","s5"
"s5","s5","s5","s5","s5","s5","s5","s5","s5","s5","s5","s5","s5","s5","s5","s5","s5","s5","s5","s5","s5","s5","s5","s5","s5","s7","s5","s5","s5","s5"
"s7","s5","s7","s7","s7","s7","s7","s7","s7","s7","s7","s7","s7","s5","s7","s7","s5","s7","s7","s7","s7","s7","s7","s7","s5","s7","s7","s5","s7","s7"
"s5","s5","s5","s5","s5","s5","s5","s5","s5","s5","s5","s5","s5","s5","s5","s5","s5","s5","s5","s5","s5","s5","s5","s5","s5","s5","s5","s5","s5","s5"
"s7","s7","s7","s7","s7","s7","s7","s7","s7","s7","s7","s7","s7","s7","s7","s7","s7","s7","s7","s7","s7","s7","s7","s7","s7","s7","s7","s7","s7","s7"
"s5","s5","s5","s5","s7","s5","s5","s5","s5","s5","s5","s5","s5","s5","s7","s5","s5","s7","s5","s7","s5","s5","s5","s5","s5","s5","s7","s7","s5","s5"
"s7","s7","s7","s7","s7","s7","s7","s7","s7","s7","s7","s7","s7","s7","s7","s7","s7","s7","s7","s7","s7","s7","s7","s7","s7","s7","s7","s7","s7","s7"
"s7","s7","s7","s7","s7","s7","s7","s7","s7","s7","s7","s7","s7","s7","s5","s7","s7","s7","s7","s7","s7","s7","s7","s7","s7","s7","s7","s7","s7","s7"
"s7","s5","s7","s7","s7","s7","s7","s5","s5","s5","s5","s5","s5","s5","s7","s7","s7","s7","s5","s7","s7","s7","s5","s7","s5","s5","s7","s5","s5","s7"
"s7","s7","s7","s7","s7","s7","s7","s7","s7","s7","s7","s7","s7","s7","s7","s7","s7","s7","s7","s7","s7","s7","s7","s7","s7","s7","s7","s7","s7","s7"
"s7","s7","s7","s7","s7","s7","s7","s7","s7","s7","s7","s7","s7","s7","s7","s7","s7","s7","s7","s7","s7","s7","s5","s7","s5","s7","s7","s7","s7","s7"
"s7","s7","s7","s7","s7","s7","s7","s7","s7","s7","s7","s7","s7","s7","s7","s7","s7","s7","s7","s7","s7","s7","s7","s7","s7","s7","s7","s7","s7","s7"
"s5","s5","s7","s5","s5","s5","s5","s5","s5","s5","s5","s5","s5","s5","s7","s5","s5","s5","s5","s7","s5","s5","s5","s5","s5","s5","s5","s5","s5","s5"
"s7","s5","s7","s7","s7","s7","s7","s5","s5","s7","s7","s5","s5","s7","s5","s7","s5","s5","s7","s7","s7","s7","s7","s5","s5","s7","s5","s7","s7","s5"
"s5","s5","s5","s5","s5","s5","s5","s5","s5","s5","s5","s5","s5","s5","s5","s5","s5","s5","s5","s5","s5","s5","s5","s5","s5","s5","s5","s5","s5","s5"
"s5","s7","s7","s7","s7","s7","s7","s5","s5","s5","s7","s7","s7","s7","s7","s7","s5","s7","s7","s7","s7","s7","s7","s7","s7","s7","s7","s7","s7","s5"
"s7","s7","s7","s7","s7","s9","s7","s9","s7","s7","s9","s7","s9","s9","s9","s7","s7","s7","s7","s7","s7","s7","s7","s7","s7","s9","s7","s7","s7","s7"
"s7","s7","s7","s7","s7","s7","s7","s7","s7","s7","s7","s7","s7","s7","s7","s7","s7","s7","s7","s7","s7","s7","s7","s7","s7","s7","s7","s7","s7","s7"
"s7","s7","s7","s7","s7","s7","s7","s7","s7","s7","s7","s7","s7","s7","s7","s7","s7","s7","s7","s7","s7","s7","s7","s7","s7","s7","s7","s7","s7","s7"
"s5","s5","s5","s5","s5","s5","s5","s5","s5","s5","s5","s5","s5","s5","s5","s5","s5","s5","s5","s5","s5","s5","s5","s5","s5","s5","s5","s5","s5","s5"
"s5","s5","s5","s7","s7","s7","s5","s5","s5","s5","s7","s5","s7","s5","s7","s7","s5","s7","s7","s7","s5","s5","s5","s5","s7","s7","s7","s7","s5","s5"
"s7","s7","s7","s7","s7","s7","s7","s7","s7","s7","s7","s5","s7","s7","s7","s7","s7","s7","s7","s7","s7","s7","s7","s7","s7","s7","s7","s7","s7","s7"
"s7","s7","s7","s7","s7","s7","s7","s7","s7","s7","s7","s7","s7","s7","s7","s7","s7","s7","s7","s7","s7","s7","s7","s7","s7","s7","s7","s7","s7","s7"
"s7","s7","s7","s7","s7","s7","s7","s7","s7","s7","s7","s7","s7","s7","s7","s7","s7","s7","s7","s7","s7","s7","s7","s7","s7","s7","s7","s7","s7","s7"
"s5","s5","s7","s5","s7","s5","s7","s5","s5","s5","s5","s5","s7","s5","s5","s7","s5","s5","s5","s5","s5","s5","s7","s5","s7","s5","s5","s5","s5","s5"
"s7","s7","s7","s7","s7","s7","s7","s7","s7","s7","s7","s7","s7","s7","s7","s7","s7","s7","s7","s7","s7","s7","s7","s7","s7","s7","s7","s7","s7","s7"
"s7","s7","s7","s7","s7","s7","s7","s7","s7","s7","s7","s7","s7","s7","s7","s7","s7","s7","s7","s7","s7","s7","s7","s7","s7","s7","s7","s7","s7","s7"
"s5","s5","s7","s5","s5","s7","s5","s5","s5","s5","s5","s5","s5","s7","s7","s5","s7","s7","s5","s5","s5","s5","s5","s5","s7","s7","s5","s5","s5","s5"
"s7","s7","s7","s7","s7","s7","s7","s5","s7","s7","s7","s5","s7","s7","s7","s7","s7","s7","s7","s7","s7","s7","s7","s5","s7","s7","s7","s7","s7","s7"
"s7","s7","s7","s7","s7","s7","s7","s7","s7","s7","s5","s7","s7","s7","s7","s7","s7","s7","s7","s7","s7","s7","s7","s7","s7","s7","s7","s7","s7","s7"
"s7","s7","s7","s7","s7","s7","s7","s5","s7","s7","s7","s7","s7","s7","s7","s7","s7","s7","s7","s7","s7","s7","s7","s7","s7","s7","s7","s7","s7","s7"
"s7","s7","s7","s7","s7","s7","s7","s7","s7","s7","s7","s7","s7","s7","s7","s7","s7","s7","s7","s7","s7","s7","s7","s7","s7","s7","s7","s7","s7","s7"
"s7","s7","s7","s7","s7","s7","s7","s7","s7","s7","s7","s7","s7","s7","s7","s7","s7","s7","s7","s7","s7","s7","s7","s7","s7","s7","s7","s7","s7","s7"
"s5","s7","s7","s5","s7","s5","s5","s7","s5","s5","s7","s5","s5","s7","s5","s5","s5","s7","s5","s7","s7","s5","s5","s7","s5","s5","s5","s5","s5","s5"
"s7","s7","s7","s7","s7","s7","s7","s7","s7","s7","s7","s7","s7","s7","s7","s7","s7","s7","s7","s7","s7","s7","s7","s7","s7","s7","s7","s7","s7","s7"
"s7","s7","s7","s7","s7","s7","s7","s7","s7","s7","s7","s7","s7","s7","s7","s7","s7","s7","s7","s7","s7","s7","s7","s7","s7","s7","s7","s7","s7","s7"
"s7","s7","s7","s7","s7","s7","s7","s7","s7","s7","s7","s7","s7","s7","s7","s7","s7","s7","s7","s7","s7","s7","s7","s7","s7","s7","s7","s7","s7","s7"
"s7","s7","s7","s7","s7","s7","s7","s7","s7","s7","s7","s7","s7","s7","s7","s7","s7","s7","s7","s7","s7","s7","s7","s7","s7","s7","s7","s7","s7","s7"
"s7","s7","s7","s7","s7","s7","s7","s7","s7","s7","s7","s7","s7","s7","s7","s7","s7","s7","s7","s7","s7","s7","s7","s7","s7","s7","s7","s7","s7","s7"
"s7","s7","s7","s7","s7","s7","s7","s7","s7","s7","s7","s7","s7","s7","s7","s7","s7","s7","s7","s7","s7","s7","s7","s7","s7","s7","s7","s7","s7","s7"
"s7","s7","s7","s7","s7","s7","s7","s7","s7","s7","s7","s7","s7","s7","s7","s7","s7","s7","s7","s7","s7","s7","s7","s7","s7","s7","s7","s7","s7","s7"
"s5","s5","s7","s7","s7","s7","s5","s7","s5","s7","s7","s7","s7","s7","s7","s7","s7","s7","s5","s7","s7","s7","s7","s7","s7","s7","s7","s7","s7","s7"
"s7","s7","s7","s7","s7","s7","s7","s7","s7","s7","s7","s7","s7","s7","s7","s7","s7","s7","s7","s7","s7","s7","s7","s7","s7","s7","s7","s7","s7","s7"
"s7","s7","s7","s7","s7","s7","s7","s7","s7","s7","s7","s7","s7","s7","s7","s7","s7","s7","s7","s7","s7","s7","s7","s7","s7","s7","s7","s7","s7","s7"
"s5","s5","s7","s5","s7","s7","s7","s5","s5","s5","s5","s7","s5","s5","s7","s7","s5","s5","s5","s7","s5","s5","s7","s5","s5","s5","s5","s7","s5","s5"
"s7","s5","s5","s7","s7","s7","s7","s5","s7","s7","s7","s7","s7","s7","s5","s7","s7","s7","s7","s7","s7","s7","s7","s7","s7","s7","s7","s7","s7","s5"
"s5","s5","s5","s5","s5","s5","s5","s5","s5","s5","s5","s5","s5","s5","s5","s5","s5","s5","s5","s5","s5","s5","s5","s5","s5","s5","s5","s5","s5","s5"
